player_id,player_name,world_cup_team,resolved_role,reason,decision_priority_score,role_gate_pressure,uncertainty_width_90,lo90,hi90,best_lower_threshold,top30_lower_threshold,rank,urank,missing_fixture_count,cov_annual_current,cov_pre_world_cup,role_stability,stable
304951,Lee Gi-Hyuk,South Korea,RB,upper90_can_enter_real_xi,8.45914759324209,0.7166666666666667,0.5921473057025299,0.3433586506717925,0.9355059563743224,0.5370524709848076,0.4116887865378286,60.0,1.0,78,0.1914893617021276,0.1304347826086956,1.0,True
6808,J. Italiano,Australia,RB,upper90_can_enter_real_xi,8.189064144069905,0.7166666666666667,0.5674539842213928,0.2329377334747701,0.8003917176961629,0.5370524709848076,0.4116887865378286,203.0,13.0,44,0.3888888888888889,0.3125,1.0,True
29781,M. Ghaedi,Iran,RW,upper90_can_enter_real_xi,7.92645080428545,0.6,0.5921473057025298,0.3410461283272146,0.9331934340297444,0.6849921111720132,0.5132377794857867,182.0,7.0,28,0.5172413793103449,0.4615384615384615,1.0,True
34418,Kim Tae-Hyeon,South Korea,RB,upper90_can_enter_real_xi,7.818033161254828,0.7166666666666667,0.4476952940261834,0.191396983613288,0.6390922776394714,0.5370524709848076,0.4116887865378286,237.0,143.0,40,0.5263157894736842,0.4358974358974359,1.0,True
200981,J. Gaber,Qatar,RB,upper90_can_enter_real_xi,7.795810903867408,0.7166666666666667,0.5921473057025302,0.3361590947584923,0.9283064004610224,0.5370524709848076,0.4116887865378286,66.0,2.0,0,1.0,1.0,1.0,True
73514,S. Nasrullaev,Uzbekistan,RB,upper90_can_enter_real_xi,7.665537157033147,0.7166666666666667,0.5721632266631129,0.1151527450930446,0.6873159717561576,0.5370524709848076,0.4116887865378286,244.0,82.0,2,0.9090909090909092,0.875,0.6666666666666666,True
360114,A. Khusanov,Uzbekistan,RCB,covered_pool_shortage,7.65467806654788,0.5333333333333333,0.27632353452201497,0.3692155566420099,0.6455390911640249,0.5807958869886298,0.2884856769736131,20.0,25.0,0,1.0,1.0,0.5428571428571428,False
417,A. Schopf,Austria,AM,upper90_can_enter_real_xi,7.641686892075988,0.43333333333333335,0.5815268895522363,0.2643890019847431,0.8459158915369793,0.5936339452033933,0.4573550598962117,131.0,16.0,46,0.5892857142857143,0.603448275862069,1.0,True
161921,G. Reyna,USA,ST,high_ability_role_stabilization,7.623266689155268,0.9166666666666667,0.5701868365548292,0.3338627240441029,0.904049560598932,0.6160898225863196,0.2792401392268431,14.0,3.0,0,1.0,1.0,0.5,False
2539,A. Fathi,Qatar,AM,upper90_can_enter_real_xi,7.606610807060833,0.43333333333333335,0.5921473057025299,0.3460717034776135,0.9382190091801434,0.5936339452033933,0.4573550598962117,84.0,2.0,16,0.7037037037037037,0.6666666666666666,0.8571428571428571,True
51535,S. Caceres,Uruguay,RCB,covered_pool_shortage,7.596880944156922,0.5333333333333333,0.2712313817751791,0.3287087155063873,0.5999400972815664,0.5807958869886298,0.2884856769736131,30.0,33.0,0,1.0,1.0,0.4473684210526316,False
313,D. Ospina,Colombia,GK,upper90_can_enter_real_xi,7.572854743125731,0.30833333333333335,0.5871068373889149,0.4128931626110851,1.0,0.6652291855465318,0.586972041249707,94.0,1.0,92,0.2542372881355932,0.1864406779661017,1.0,True
89982,S. Moghanlou,Iran,RW,upper90_can_enter_real_xi,7.540667403190697,0.6,0.5160770600287334,0.2277986422182359,0.7438757022469693,0.6849921111720132,0.5132377794857867,242.0,169.0,18,0.6896551724137931,0.6538461538461539,1.0,True
310835,A. Nasib,Jordan,RB,upper90_can_enter_real_xi,7.532184426257028,0.7166666666666667,0.5639973795662657,0.1630348496165899,0.7270322291828556,0.5370524709848076,0.4116887865378286,241.0,44.0,0,1.0,1.0,0.75,True
2869,E. Alvarez,Mexico,RB,upper90_can_enter_real_xi,7.526570545864608,0.7166666666666667,0.420504952877422,0.4970952396152936,0.9176001924927156,0.5370524709848076,0.4116887865378286,4.0,4.0,0,1.0,1.0,0.8666666666666667,True
2481,A. Montero,Colombia,GK,upper90_can_enter_real_xi,7.515966812690826,0.30833333333333335,0.5921473057025299,0.3492630280198989,0.9414103337224288,0.6652291855465318,0.586972041249707,99.0,10.0,92,0.3125,0.25,1.0,True
144709,J. Anang,Ghana,GK,upper90_can_enter_real_xi,7.494368682399594,0.30833333333333335,0.5921473057025298,0.3683698529056746,0.9605171586082044,0.6652291855465318,0.586972041249707,98.0,5.0,69,0.2325581395348837,0.1428571428571428,1.0,True
20079,H. Souttar,Australia,RCB,upper90_can_enter_real_xi,7.44578292450581,0.5333333333333333,0.59214730570253,0.3419092410861836,0.9340565467887136,0.5807958869886298,0.2884856769736131,16.0,1.0,0,1.0,1.0,0.6666666666666666,True
44551,S. Al Shehri,Saudi Arabia,RW,upper90_can_enter_real_xi,7.4410136467132615,0.6,0.5921473057025299,0.3589163255324714,0.9510636312350014,0.6849921111720132,0.5132377794857867,168.0,5.0,0,1.0,1.0,1.0,True
295394,M. Younis,Iraq,RB,upper90_can_enter_real_xi,7.435181298467825,0.7166666666666667,0.5666803587979744,0.0685086007150941,0.6351889595130685,0.5370524709848076,0.4116887865378286,246.0,157.0,0,1.0,1.0,0.75,True
129670,N. Mbuku,Congo DR,AM,upper90_can_enter_real_xi,7.424160805161116,0.43333333333333335,0.46502140201393116,0.3157095754084219,0.7807309774223531,0.5936339452033933,0.4573550598962117,120.0,41.0,56,0.4166666666666667,0.3636363636363636,0.6153846153846154,True
94344,N. Pijnaker,New Zealand,RB,upper90_can_enter_real_xi,7.3968530210809575,0.7166666666666667,0.49345608808544167,0.2067402611384735,0.7001963492239152,0.5370524709848076,0.4116887865378286,229.0,69.0,0,1.0,1.0,0.8,True
42288,Lucas Mendes,Qatar,RB,upper90_can_enter_real_xi,7.389963805547699,0.7166666666666667,0.48047779203555885,0.2311533104079614,0.7116311024435202,0.5370524709848076,0.4116887865378286,221.0,56.0,0,1.0,1.0,0.8181818181818182,True
2601,D. Kamada,Japan,ST,upper90_can_enter_real_xi,7.383682298467825,0.9166666666666667,0.2580749838578789,0.3992322025210369,0.6573071863789158,0.6160898225863196,0.2792401392268431,12.0,14.0,0,1.0,1.0,0.7804878048780488,True
29704,S. Khalilzadeh,Iran,RB,upper90_can_enter_real_xi,7.383614395786331,0.7166666666666667,0.4682544982048856,0.2542725414974013,0.7225270397022869,0.5370524709848076,0.4116887865378286,201.0,48.0,0,1.0,1.0,0.9166666666666666,True
94346,T. Payne,New Zealand,RB,upper90_can_enter_real_xi,7.360735397908167,0.7166666666666667,0.46395849456230753,0.2436276429451628,0.7075861375074703,0.5370524709848076,0.4116887865378286,214.0,59.0,0,1.0,1.0,1.0,True
355994,A. Freeman,USA,RB,upper90_can_enter_real_xi,7.3446609107898935,0.7166666666666667,0.36679139564993424,0.4586821611759784,0.8254735568259126,0.5370524709848076,0.4116887865378286,10.0,8.0,0,1.0,1.0,1.0,True
39058,F. Bjorkan,Norway,RB,upper90_can_enter_real_xi,7.34346731204241,0.7166666666666667,0.2763683013970795,0.4518555788530913,0.7282238802501708,0.5370524709848076,0.4116887865378286,23.0,42.0,4,1.0,0.9148936170212766,0.972972972972973,True
128766,L. Deedson,Haiti,RW,upper90_can_enter_real_xi,7.337630776391723,0.6,0.5921473057025299,0.2649318979674372,0.8570792036699671,0.6849921111720132,0.5132377794857867,226.0,35.0,0,1.0,1.0,0.8888888888888888,True
390002,M. Chavez Garcia,Mexico,RB,upper90_can_enter_real_xi,7.336080303475301,0.7166666666666667,0.36046869046157487,0.4658261849715623,0.8262948754331372,0.5370524709848076,0.4116887865378286,8.0,7.0,0,1.0,1.0,0.95,True
2500,Fabian Balbuena,Paraguay,RB,upper90_can_enter_real_xi,7.331281518364174,0.7166666666666667,0.46630658567700856,0.2113013552704219,0.6776079409474305,0.5370524709848076,0.4116887865378286,231.0,92.0,0,1.0,1.0,1.0,True
359561,K. Sebelebele,South Africa,RB,upper90_can_enter_real_xi,7.324328369869341,0.7166666666666667,0.3621697318975213,0.4511219655720891,0.8132916974696104,0.5370524709848076,0.4116887865378286,11.0,10.0,0,1.0,1.0,0.95,True
145465,H. Ali,Iraq,RB,upper90_can_enter_real_xi,7.322831602700624,0.7166666666666667,0.48501182745912697,0.1594072240912784,0.6444190515504054,0.5370524709848076,0.4116887865378286,243.0,139.0,0,1.0,1.0,1.0,True
350799,Jeremy Arevalo,Ecuador,RW,upper90_can_enter_real_xi,7.304339750955862,0.6,0.4651447047699311,0.5348552952300689,1.0,0.6849921111720132,0.5132377794857867,18.0,1.0,0,1.0,1.0,1.0,True
44315,A. Al Khaibari,Saudi Arabia,DM,covered_pool_shortage,7.299684473822701,0.29166666666666663,0.31417312287870863,0.3470137557310283,0.6611868786097369,0.5957839179206379,0.1010747767397886,18.0,19.0,0,1.0,1.0,0.5909090909090909,False
295026,M. Baturina,Croatia,ST,high_ability_role_stabilization,7.287284718051829,0.9166666666666667,0.3286690557024623,0.5992847777829345,0.9279538334853968,0.6160898225863196,0.2792401392268431,2.0,2.0,0,1.0,1.0,0.4583333333333333,False
41608,D. Borges,Cape Verde Islands,RB,upper90_can_enter_real_xi,7.2835558047111,0.7166666666666667,0.413282148876871,0.293244829840679,0.70652697871755,0.5370524709848076,0.4116887865378286,169.0,60.0,0,1.0,1.0,0.7333333333333333,True
44382,A. Al Hamdan,Saudi Arabia,RW,upper90_can_enter_real_xi,7.281819617375069,0.6,0.5351632377450544,0.3488840958517832,0.8840473335968376,0.6849921111720132,0.5132377794857867,184.0,21.0,0,1.0,1.0,0.8571428571428571,True
2971,F. Escobar,Panama,RCB,upper90_can_enter_real_xi,7.277453271626759,0.5333333333333333,0.5921473057025299,0.1888822839234099,0.7810295896259398,0.5807958869886298,0.2884856769736131,37.0,7.0,0,1.0,1.0,1.0,True
430078,S. Kabini,South Africa,RB,upper90_can_enter_real_xi,7.264452879939203,0.7166666666666667,0.35627080764431535,0.4106326138704502,0.7669034215147655,0.5370524709848076,0.4116887865378286,44.0,19.0,0,1.0,1.0,0.9545454545454546,True
42286,A. Al Ganehi,Qatar,RW,upper90_can_enter_real_xi,7.2554351059755495,0.6,0.5921473057025299,0.19020856122546,0.78235586692799,0.6849921111720132,0.5132377794857867,245.0,118.0,0,1.0,1.0,1.0,True
63964,F. Torres,Ecuador,RB,upper90_can_enter_real_xi,7.2552806097132585,0.7166666666666667,0.4074196937380768,0.2813968192616097,0.6888165129996865,0.5370524709848076,0.4116887865378286,179.0,78.0,0,1.0,1.0,1.0,True
2483,D. Machado,Colombia,RB,upper90_can_enter_real_xi,7.250876798127862,0.7166666666666667,0.41046613586566316,0.2701926727915006,0.6806588086571638,0.5370524709848076,0.4116887865378286,193.0,89.0,0,1.0,1.0,0.8421052631578947,True
21101,S. Moutoussamy,Congo DR,AM,upper90_can_enter_real_xi,7.23069275044654,0.43333333333333335,0.3511092298367629,0.3310670350402903,0.6821762648770532,0.5936339452033933,0.4573550598962117,126.0,119.0,100,0.3902439024390244,0.358974358974359,0.6363636363636364,True
175439,H. Al Amin,Qatar,RB,upper90_can_enter_real_xi,7.218603621607335,0.7166666666666667,0.4104661358656633,0.2408534214092023,0.6513195572748656,0.5370524709848076,0.4116887865378286,222.0,126.0,0,1.0,1.0,0.8125,True
2490,J. Lerma,Colombia,DM,covered_pool_shortage,7.2141434648749945,0.29166666666666663,0.2741125569654386,0.3639378124826594,0.638050369448098,0.5957839179206379,0.1010747767397886,16.0,20.0,0,1.0,1.0,0.4242424242424242,False
36579,S. Rahimi,Morocco,RW,upper90_can_enter_real_xi,7.207343333975829,0.6,0.4541121010066325,0.3782337277032983,0.8323458287099308,0.6849921111720132,0.5132377794857867,172.0,55.0,1,1.0,0.9722222222222222,0.9230769230769232,True
2468,G. Montiel,Argentina,RB,upper90_can_enter_real_xi,7.19972501090376,0.7166666666666667,0.2889553574963721,0.3610875757331707,0.6500429332295428,0.5370524709848076,0.4116887865378286,108.0,130.0,2,1.0,0.9622641509433962,1.0,True
134995,N. Boushal,Saudi Arabia,RB,upper90_can_enter_real_xi,7.17524481658005,0.7166666666666667,0.3101723982251346,0.4384942512620114,0.748666649487146,0.5370524709848076,0.4116887865378286,29.0,30.0,0,1.0,1.0,0.8461538461538461,True
20655,J. Duverne,Haiti,RB,upper90_can_enter_real_xi,7.174124588132313,0.7166666666666667,0.3815599346999725,0.2687416846417239,0.6503016193416964,0.5370524709848076,0.4116887865378286,205.0,128.0,0,1.0,1.0,0.6842105263157895,True
195992,J. Caceres,Paraguay,RB,upper90_can_enter_real_xi,7.172647622518695,0.7166666666666667,0.29971209872009574,0.4608575100363249,0.7605696087564207,0.5370524709848076,0.4116887865378286,14.0,22.0,0,1.0,1.0,1.0,True
36857,J. Gaari,Curaçao,RCB,upper90_can_enter_real_xi,7.167397967744008,0.5333333333333333,0.5921473057025299,0.0888320076663645,0.6809793133688944,0.5807958869886298,0.2884856769736131,39.0,19.0,0,1.0,1.0,0.8333333333333334,True
78494,J. Waterman,Canada,RB,upper90_can_enter_real_xi,7.1673320838045065,0.7166666666666667,0.3619683586643287,0.3088740422461495,0.6708424009104782,0.5370524709848076,0.4116887865378286,163.0,97.0,0,1.0,1.0,0.9130434782608696,True
44594,S. Abdulhamid,Saudi Arabia,RB,upper90_can_enter_real_xi,7.165825301159308,0.7166666666666667,0.32496687570430055,0.3949622904742169,0.7199291661785174,0.5370524709848076,0.4116887865378286,61.0,50.0,0,1.0,1.0,1.0,True
190747,M. Experience,Haiti,RB,upper90_can_enter_real_xi,7.15737897017672,0.7166666666666667,0.35723396378847283,0.3110161450183665,0.6682501088068393,0.5370524709848076,0.4116887865378286,161.0,101.0,0,1.0,1.0,0.7894736842105263,True
351014,J. Suzuki,Japan,RB,upper90_can_enter_real_xi,7.1505771190823655,0.7166666666666667,0.3062597656552506,0.4253171123383871,0.7315768779936377,0.5370524709848076,0.4116887865378286,37.0,37.0,0,1.0,1.0,1.0,True
2530,Pedro Miguel,Qatar,RB,upper90_can_enter_real_xi,7.1464800036186045,0.7166666666666667,0.36420212569787996,0.2846377927251173,0.6488399184229973,0.5370524709848076,0.4116887865378286,185.0,134.0,0,1.0,1.0,0.8,True
50816,R. Laryea,Canada,RB,upper90_can_enter_real_xi,7.1435472266407105,0.7166666666666667,0.32166908988786197,0.382504261932529,0.704173351820391,0.5370524709848076,0.4116887865378286,73.0,64.0,0,1.0,1.0,0.7666666666666667,True
2467,L. Martinez,Argentina,LCB,upper90_can_enter_real_xi,7.136427604752667,0.6136363636363636,0.35240177410209145,0.4440718813809151,0.7964736554830065,0.5691781948134136,0.1962433102698438,10.0,5.0,0,1.0,1.0,0.95,True
430835,T. Bindon,New Zealand,RB,upper90_can_enter_real_xi,7.128089567797361,0.7166666666666667,0.3295006521122821,0.3499408795444908,0.6794415316567729,0.5370524709848076,0.4116887865378286,113.0,91.0,0,1.0,1.0,1.0,True
2583,A. Preciado,Ecuador,RB,upper90_can_enter_real_xi,7.127651503725585,0.7166666666666667,0.3325007199422246,0.3424515700630128,0.6749522900052374,0.5370524709848076,0.4116887865378286,121.0,95.0,0,1.0,1.0,0.96,True
1290,G. Varela,Uruguay,RB,upper90_can_enter_real_xi,7.126877189288254,0.7166666666666667,0.2568082172950921,0.3708464329221,0.6276546502171921,0.5370524709848076,0.4116887865378286,103.0,167.0,2,1.0,0.9746835443037974,1.0,True
706,J. Brenet,Curaçao,RB,upper90_can_enter_real_xi,7.124242967705728,0.7166666666666667,0.34616568152398935,0.307053900851698,0.6532195823756873,0.5370524709848076,0.4116887865378286,168.0,121.0,0,1.0,1.0,1.0,True
180937,H. Falchener,Norway,RB,upper90_can_enter_real_xi,7.1189885524263525,0.7166666666666667,0.3253314745800026,0.3515216488289617,0.6768531234089643,0.5370524709848076,0.4116887865378286,112.0,93.0,0,1.0,1.0,0.967741935483871,True
440,Y. Nagatomo,Japan,RB,upper90_can_enter_real_xi,7.1185882966927725,0.7166666666666667,0.3740126037013635,0.2360932929661262,0.6101058966674897,0.5370524709848076,0.4116887865378286,227.0,192.0,0,1.0,1.0,1.0,True
377930,A. Al Oui,Qatar,RB,upper90_can_enter_real_xi,7.118297781672041,0.7166666666666667,0.38454045127984837,0.210945185034497,0.5954856363143454,0.5370524709848076,0.4116887865378286,236.0,211.0,0,1.0,1.0,1.0,True
304782,T. Hayakawa,Japan,GK,upper90_can_enter_real_xi,7.112038037601375,0.30833333333333335,0.41692347164680466,0.5079060347678783,0.924829506414683,0.6652291855465318,0.586972041249707,73.0,20.0,40,0.5384615384615384,0.4358974358974359,1.0,True
332056,W. Pina,Cape Verde Islands,RB,upper90_can_enter_real_xi,7.107583648211147,0.7166666666666667,0.28931427654209674,0.4262851130865527,0.7155993896286494,0.5370524709848076,0.4116887865378286,42.0,53.0,0,1.0,1.0,1.0,True
50879,M. Robinson,USA,RB,upper90_can_enter_real_xi,7.106813328654474,0.7166666666666667,0.3332047570743436,0.3218436867769937,0.6550484438513373,0.5370524709848076,0.4116887865378286,155.0,120.0,0,1.0,1.0,0.9629629629629628,True
38114,K. Itakura,Japan,RB,upper90_can_enter_real_xi,7.105783171355327,0.7166666666666667,0.33958284651633536,0.3058316960057876,0.6454145425221229,0.5370524709848076,0.4116887865378286,172.0,138.0,0,1.0,1.0,0.9,True
2889,A. Vega,Mexico,RW,upper90_can_enter_real_xi,7.1018745635449685,0.6,0.3592822845319932,0.6010162999643828,0.960298584496376,0.6849921111720132,0.5132377794857867,7.0,3.0,0,1.0,1.0,0.84,True
400948,A. Diao,Senegal,RW,upper90_can_enter_real_xi,7.1003693163820945,0.6,0.4484586284151453,0.3888674442743192,0.8373260726894645,0.6849921111720132,0.5132377794857867,165.0,50.0,0,1.0,1.0,0.6153846153846154,True
193279,J. Nelson,Canada,RW,upper90_can_enter_real_xi,7.0976336867757555,0.6,0.4503841788270173,0.3818292072950408,0.8322133861220581,0.6849921111720132,0.5132377794857867,170.0,56.0,0,1.0,1.0,1.0,True
154,L. Messi,Argentina,RW,upper90_can_enter_real_xi,7.095698059475306,0.6,0.24794772959132305,0.7087449322151675,0.9566926618064906,0.6849921111720132,0.5132377794857867,1.0,4.0,2,1.0,0.9629629629629628,0.9791666666666666,True
392387,O. Makhanya,South Africa,RB,upper90_can_enter_real_xi,7.091903322915739,0.7166666666666667,0.307300947743888,0.3695163217955841,0.6768172695394721,0.5370524709848076,0.4116887865378286,92.0,94.0,0,1.0,1.0,1.0,True
387521,L. Vuskovic,Croatia,RB,upper90_can_enter_real_xi,7.0859254182705955,0.7166666666666667,0.29453802540015467,0.3942487703851861,0.6887867957853407,0.5370524709848076,0.4116887865378286,69.0,79.0,0,1.0,1.0,0.9666666666666668,True
2514,Kaku,Paraguay,RW,upper90_can_enter_real_xi,7.085150821987333,0.6,0.44412194951668843,0.2907627112354427,0.7348846607521311,0.6849921111720132,0.5132377794857867,228.0,181.0,1,1.0,0.96875,1.0,True
2533,A. Hatem,Qatar,AM,upper90_can_enter_real_xi,7.077677226218334,0.43333333333333335,0.5921473057025299,0.2515702678102801,0.8437175735128101,0.5936339452033933,0.4573550598962117,135.0,17.0,0,1.0,1.0,1.0,True
265444,S. Langas,Norway,RB,upper90_can_enter_real_xi,7.070172564922381,0.7166666666666667,0.3364695966818618,0.2808170079482303,0.6172866046300921,0.5370524709848076,0.4116887865378286,200.0,183.0,0,1.0,1.0,1.0,True
2700,A. Jahanbakhsh,Iran,RW,upper90_can_enter_real_xi,7.06850153760658,0.6,0.49550788940152996,0.2486893921469428,0.7441972815484728,0.6849921111720132,0.5132377794857867,237.0,168.0,0,1.0,1.0,1.0,True
14301,S. Radeljic,Bosnia & Herzegovina,RB,upper90_can_enter_real_xi,7.058939123769989,0.7166666666666667,0.2899326903789117,0.3806011127075739,0.6705338030864856,0.5370524709848076,0.4116887865378286,83.0,98.0,0,1.0,1.0,0.935483870967742,True
2878,J. Sanchez,Mexico,RB,upper90_can_enter_real_xi,7.058933810482842,0.7166666666666667,0.2962328289545349,0.3657050458132392,0.6619378747677741,0.5370524709848076,0.4116887865378286,100.0,106.0,0,1.0,1.0,0.9666666666666668,True
308689,S. Cabral,Cape Verde Islands,RB,upper90_can_enter_real_xi,7.058720959813091,0.7166666666666667,0.3376065959042595,0.2677190051413894,0.6053256010456489,0.5370524709848076,0.4116887865378286,215.0,198.0,0,1.0,1.0,1.0,True
161907,M. Gusto,France,RB,upper90_can_enter_real_xi,7.058542784469238,0.7166666666666667,0.26533434292732694,0.4383823527742726,0.7037166957015996,0.5370524709848076,0.4116887865378286,33.0,65.0,0,1.0,1.0,0.9302325581395348,True
762,Vinicius Junior,Brazil,ST,high_ability_role_stabilization,7.057338719562069,0.9166666666666667,0.22403823678538948,0.6375521693235063,0.8615904061088958,0.6160898225863196,0.2792401392268431,1.0,5.0,0,1.0,1.0,0.5094339622641509,False
790,E. Dzeko,Bosnia & Herzegovina,RW,upper90_can_enter_real_xi,7.05707681379784,0.6,0.39430890891147846,0.4775008698427559,0.8718097787542344,0.6849921111720132,0.5132377794857867,77.0,27.0,0,1.0,1.0,0.8235294117647058,True
30,S. Arias,Colombia,RB,upper90_can_enter_real_xi,7.056485735066671,0.7166666666666667,0.294972607747016,0.3664582273799471,0.6614308351269631,0.5370524709848076,0.4116887865378286,99.0,109.0,0,1.0,1.0,1.0,True
25341,D. Luckassen,Ghana,RB,upper90_can_enter_real_xi,7.050302763717891,0.7166666666666667,0.33281307390489695,0.2713962425078826,0.6042093164127795,0.5370524709848076,0.4116887865378286,212.0,200.0,0,1.0,1.0,0.9545454545454546,True
161504,H. Johansson,Sweden,RB,upper90_can_enter_real_xi,7.0452316047784524,0.7166666666666667,0.3324227687701434,0.2677086374269024,0.6001314061970457,0.5370524709848076,0.4116887865378286,216.0,206.0,0,1.0,1.0,1.0,True
517,J. Rodriguez,Colombia,RW,upper90_can_enter_real_xi,7.04258798125428,0.6,0.35646281563866045,0.5537836061752706,0.910246421813931,0.6849921111720132,0.5132377794857867,21.0,12.0,0,1.0,1.0,1.0,True
201354,E. Makgopa,South Africa,RW,upper90_can_enter_real_xi,7.040639869342226,0.6,0.419248773960529,0.4036094211308057,0.8228581950913347,0.6849921111720132,0.5132377794857867,155.0,69.0,0,1.0,1.0,1.0,True
2194,R. Bensebaini,Algeria,LCB,upper90_can_enter_real_xi,7.040267737937586,0.6136363636363636,0.27332950092575237,0.5435519208749169,0.8168814218006692,0.5691781948134136,0.1962433102698438,2.0,3.0,0,1.0,1.0,0.6052631578947368,True
6503,N. Molina,Argentina,RB,upper90_can_enter_real_xi,7.040154234739763,0.7166666666666667,0.28048864578472604,0.3858462280845339,0.6663348738692599,0.5370524709848076,0.4116887865378286,80.0,103.0,0,1.0,1.0,1.0,True
7318,A. Dedic,Bosnia & Herzegovina,RB,upper90_can_enter_real_xi,7.035999076544795,0.7166666666666667,0.2583305940920255,0.4344423882718552,0.6927729823638807,0.5370524709848076,0.4116887865378286,38.0,76.0,0,1.0,1.0,1.0,True
529,N. Tagliafico,Argentina,LCB,upper90_can_enter_real_xi,7.032918563874758,0.6136363636363636,0.3031394828952137,0.4664108961627092,0.7695503790579229,0.5691781948134136,0.1962433102698438,9.0,9.0,0,1.0,1.0,0.6206896551724138,True
354753,O. Diomande,Ivory Coast,RB,upper90_can_enter_real_xi,7.029117527406415,0.7166666666666667,0.3175147731829013,0.2882965566585312,0.6058113298414325,0.5370524709848076,0.4116887865378286,194.0,197.0,0,1.0,1.0,0.9615384615384616,True
41627,K. Gorre,Curaçao,RW,upper90_can_enter_real_xi,7.025986737288776,0.6,0.4052847286830431,0.4232943171926359,0.828579045875679,0.6849921111720132,0.5132377794857867,139.0,63.0,0,1.0,1.0,0.8461538461538461,True
217,L. Martinez,Argentina,ST,high_ability_role_stabilization,7.02487749918658,0.9166666666666667,0.2727250754485431,0.4929639866874268,0.7656890621359699,0.6160898225863196,0.2792401392268431,8.0,10.0,0,1.0,1.0,0.55,False
927,Lee Kang-In,South Korea,RW,upper90_can_enter_real_xi,7.02137884337539,0.6,0.3335191012546994,0.5887331693747336,0.922252270629433,0.6849921111720132,0.5132377794857867,10.0,9.0,0,1.0,1.0,0.7894736842105263,True
2881,J. Gallardo,Mexico,RB,upper90_can_enter_real_xi,7.02102168300788,0.7166666666666667,0.25097721661637024,0.4382072863625725,0.6891845029789427,0.5370524709848076,0.4116887865378286,35.0,77.0,0,1.0,1.0,0.8409090909090909,True
369544,G. Yassine,Morocco,RW,upper90_can_enter_real_xi,7.02094545738944,0.6,0.36338506998400266,0.517746892390972,0.8811319623749747,0.6849921111720132,0.5132377794857867,37.0,24.0,0,1.0,1.0,0.9473684210526316,True
263676,A. Fayzullaev,Uzbekistan,RW,upper90_can_enter_real_xi,7.019829988000972,0.6,0.4120894129153066,0.4016134732910997,0.8137028862064063,0.6849921111720132,0.5132377794857867,158.0,80.0,0,1.0,1.0,0.8947368421052632,True
406303,K. Paez,Ecuador,RW,upper90_can_enter_real_xi,7.01894876147866,0.6,0.42145453245217995,0.3786766211836599,0.8001311536358399,0.6849921111720132,0.5132377794857867,176.0,95.0,0,1.0,1.0,1.0,True
210165,F. Surman,New Zealand,RB,upper90_can_enter_real_xi,7.0144070259999785,0.7166666666666667,0.2839695560535294,0.3542120685948312,0.6381816246483606,0.5370524709848076,0.4116887865378286,120.0,147.0,0,1.0,1.0,1.0,True
44865,J. Souttar,Scotland,RB,upper90_can_enter_real_xi,7.0134585091692205,0.7166666666666667,0.2860816133315565,0.3483576451824411,0.6344392585139976,0.5370524709848076,0.4116887865378286,125.0,159.0,0,1.0,1.0,1.0,True
69260,R. Lopes,Cape Verde Islands,RB,upper90_can_enter_real_xi,7.009671173104919,0.7166666666666667,0.2840667559728756,0.3496770025172313,0.6337437584901069,0.5370524709848076,0.4116887865378286,122.0,160.0,0,1.0,1.0,0.9090909090909092,True
36088,G. Martinez,Mexico,RW,upper90_can_enter_real_xi,7.00345882547771,0.6,0.39627424211508555,0.4241119110704752,0.8203861531855607,0.6849921111720132,0.5132377794857867,143.0,73.0,0,1.0,1.0,0.8,True
44335,H. Kadesh,Saudi Arabia,RB,upper90_can_enter_real_xi,7.002535245882724,0.7166666666666667,0.29303197741713316,0.3219992725379005,0.6150312499550337,0.5370524709848076,0.4116887865378286,164.0,186.0,0,1.0,1.0,0.90625,True
44507,A. Lajami,Saudi Arabia,RCB,upper90_can_enter_real_xi,7.00188245768191,0.5333333333333333,0.4452411162206569,0.2855961736579752,0.7308372898786321,0.5807958869886298,0.2884856769736131,33.0,10.0,0,1.0,1.0,0.6,True
33289,K. Ogawa,Japan,RW,upper90_can_enter_real_xi,6.99859997681757,0.6,0.4065616660526432,0.3953790466179392,0.8019407126705824,0.6849921111720132,0.5132377794857867,167.0,91.0,0,1.0,1.0,1.0,True
2535,A. O. Madibo,Qatar,AM,upper90_can_enter_real_xi,6.996606297481918,0.43333333333333335,0.5438223214810323,0.2920921134825329,0.8359144349635652,0.5936339452033933,0.4573550598962117,127.0,21.0,0,1.0,1.0,0.6,True
624,N. Otamendi,Argentina,LCB,upper90_can_enter_real_xi,6.9954428576034315,0.6136363636363636,0.23569462266788888,0.5917571964533627,0.8274518191212515,0.5691781948134136,0.1962433102698438,1.0,1.0,0,1.0,1.0,0.8490566037735849,True
2810,D. Zakaria,Switzerland,RB,upper90_can_enter_real_xi,6.994783360769463,0.7166666666666667,0.2726820554821188,0.3630519197358792,0.635733975217998,0.5370524709848076,0.4116887865378286,109.0,153.0,0,1.0,1.0,0.6944444444444444,True
32862,T. Kubo,Japan,RW,upper90_can_enter_real_xi,6.992317448970943,0.6,0.3598740207844964,0.5000202737548075,0.8598942945393039,0.6849921111720132,0.5132377794857867,52.0,34.0,0,1.0,1.0,1.0,True
36111,C. S. Huerta Valera,Mexico,AM,upper90_can_enter_real_xi,6.988302928918537,0.43333333333333335,0.5827824366551931,0.1924560516496248,0.7752384883048179,0.5936339452033933,0.4573550598962117,147.0,47.0,0,1.0,1.0,0.7272727272727273,True
64268,J. Mojica,Colombia,RB,upper90_can_enter_real_xi,6.985212328157007,0.7166666666666667,0.2706827996557337,0.3590764947687378,0.6297592944244715,0.5370524709848076,0.4116887865378286,118.0,165.0,0,1.0,1.0,0.8571428571428571,True
2522,A. Sanabria,Paraguay,RW,upper90_can_enter_real_xi,6.980472553274973,0.6,0.44750506869614837,0.2821242553309292,0.7296293240270776,0.6849921111720132,0.5132377794857867,230.0,185.0,0,1.0,1.0,1.0,True
388570,D. Gul,Türkiye,RW,upper90_can_enter_real_xi,6.979533413234396,0.6,0.3704030980133985,0.3117973183697654,0.6822004163831639,0.6849921111720132,0.5132377794857867,222.0,217.0,2,1.0,0.9636363636363636,1.0,True
225,A. Behich,Australia,RB,upper90_can_enter_real_xi,6.977190821223825,0.7166666666666667,0.2677036258484874,0.3588258992829728,0.6265295251314602,0.5370524709848076,0.4116887865378286,119.0,168.0,0,1.0,1.0,0.8888888888888888,True
32954,S. Taniguchi,Japan,RB,upper90_can_enter_real_xi,6.973011467695548,0.7166666666666667,0.2716981810252642,0.3455848111121569,0.6172829921374211,0.5370524709848076,0.4116887865378286,137.0,184.0,0,1.0,1.0,0.9705882352941176,True
348568,A. Circati,Australia,RB,upper90_can_enter_real_xi,6.968003567629383,0.7166666666666667,0.2715706331670382,0.3413336514441774,0.6129042846112156,0.5370524709848076,0.4116887865378286,144.0,189.0,0,1.0,1.0,0.9444444444444444,True
1494,Jovane,Cape Verde Islands,RW,upper90_can_enter_real_xi,6.966446703932621,0.6,0.3598740207844964,0.4765014146290596,0.836375435413556,0.6849921111720132,0.5132377794857867,87.0,52.0,0,1.0,1.0,1.0,True
197985,Seol Young-Woo,South Korea,RB,upper90_can_enter_real_xi,6.965606769785854,0.7166666666666667,0.23901303045095568,0.4161090780062562,0.6551221084572119,0.5370524709848076,0.4116887865378286,57.0,119.0,0,1.0,1.0,1.0,True
33165,A. Seko,Japan,RB,upper90_can_enter_real_xi,6.965031755784025,0.7166666666666667,0.2948637818411734,0.2835754710822613,0.5784392529234347,0.5370524709848076,0.4116887865378286,208.0,224.0,0,1.0,1.0,1.0,True
22222,Z. Celik,Türkiye,RB,upper90_can_enter_real_xi,6.961772923885195,0.7166666666666667,0.24902173541579753,0.388966824543304,0.6379885599591015,0.5370524709848076,0.4116887865378286,81.0,148.0,0,1.0,1.0,0.9555555555555556,True
278133,O. Bobb,Norway,RW,upper90_can_enter_real_xi,6.961222236546061,0.6,0.3690095927769428,0.4501587286591311,0.8191683214360739,0.6849921111720132,0.5132377794857867,116.0,74.0,0,1.0,1.0,1.0,True
13736,D. Munoz,Colombia,RB,upper90_can_enter_real_xi,6.959663900006509,0.7166666666666667,0.23227109525155082,0.4266419523145359,0.6589130475660867,0.5370524709848076,0.4116887865378286,51.0,110.0,0,1.0,1.0,0.98,True
276,Neymar,Brazil,RW,upper90_can_enter_real_xi,6.959435957178463,0.6,0.3030804086506901,0.6043674553506395,0.9074478640013296,0.6849921111720132,0.5132377794857867,8.0,13.0,0,1.0,1.0,1.0,True
2544,A. Afif,Qatar,RW,upper90_can_enter_real_xi,6.956525117490563,0.6,0.3197102342390472,0.5624143769709777,0.882124611210025,0.6849921111720132,0.5132377794857867,20.0,23.0,0,1.0,1.0,0.8076923076923077,True
44349,M. Kanno,Saudi Arabia,ST,high_ability_role_stabilization,6.951609613424857,0.9166666666666667,0.2872811222122838,0.391951616371564,0.6792327385838478,0.6160898225863196,0.2792401392268431,13.0,12.0,0,1.0,1.0,0.5151515151515151,False
24845,J. Ryerson,Norway,RB,upper90_can_enter_real_xi,6.951552604333631,0.7166666666666667,0.26766293831487614,0.3356145999167857,0.6032775382316619,0.5370524709848076,0.4116887865378286,153.0,202.0,0,1.0,1.0,0.9523809523809524,True
22139,S. Moreira,Cape Verde Islands,RB,upper90_can_enter_real_xi,6.948753297824998,0.7166666666666667,0.28406675597287556,0.294297115899122,0.5783638718719976,0.5370524709848076,0.4116887865378286,196.0,225.0,0,1.0,1.0,1.0,True
168,D. Sanchez,Colombia,RB,upper90_can_enter_real_xi,6.9398742181992485,0.7166666666666667,0.23611234844491324,0.3995720067599866,0.6356843552048999,0.5370524709848076,0.4116887865378286,72.0,154.0,0,1.0,1.0,0.64,True
50958,D. Etienne,Haiti,RW,upper90_can_enter_real_xi,6.936990025926626,0.6,0.4555090652852428,0.2112327941970048,0.6667418594822476,0.6849921111720132,0.5132377794857867,246.0,229.0,0,1.0,1.0,0.8571428571428571,True
16369,G. Plata,Ecuador,RW,upper90_can_enter_real_xi,6.93602754612444,0.6,0.26733810453219586,0.5177581247632261,0.785096229295422,0.6849921111720132,0.5132377794857867,53.0,112.0,2,1.0,0.975,0.9722222222222222,True
66055,P. Musa,Croatia,RW,upper90_can_enter_real_xi,6.934817863025433,0.6,0.33010942981767477,0.5181005924531938,0.8482100222708686,0.6849921111720132,0.5132377794857867,44.0,42.0,0,1.0,1.0,1.0,True
42315,M. Taremi,Iran,RW,upper90_can_enter_real_xi,6.931962019642897,0.6,0.34278414483541186,0.4855459538816922,0.8283300987171041,0.6849921111720132,0.5132377794857867,80.0,64.0,0,1.0,1.0,0.9523809523809524,True
127227,I. Reyes,Mexico,RB,upper90_can_enter_real_xi,6.930183851001061,0.7166666666666667,0.2571321748078219,0.3410793560856695,0.5982115308934914,0.5370524709848076,0.4116887865378286,149.0,208.0,0,1.0,1.0,0.925,True
8601,F. Pierrot,Haiti,RW,upper90_can_enter_real_xi,6.927097282232689,0.6,0.40458049751906283,0.3350593589837821,0.7396398565028449,0.6849921111720132,0.5132377794857867,209.0,173.0,0,1.0,1.0,0.8571428571428571,True
280695,A. Minda,Ecuador,RW,upper90_can_enter_real_xi,6.925902570177729,0.6,0.36858397603464216,0.4190559442606315,0.7876399202952736,0.6849921111720132,0.5132377794857867,152.0,108.0,0,1.0,1.0,0.9444444444444444,True
6168,O. Alderete,Paraguay,RB,upper90_can_enter_real_xi,6.9245431820010745,0.7166666666666667,0.2632200913616048,0.3215618542312852,0.58478194559289,0.5370524709848076,0.4116887865378286,171.0,220.0,0,1.0,1.0,0.625,True
2860,K. Sema,Sweden,AM,upper90_can_enter_real_xi,6.920828823409108,0.43333333333333335,0.5050684083373502,0.314803659028682,0.8198720673660322,0.5936339452033933,0.4573550598962117,116.0,25.0,0,1.0,1.0,0.7142857142857143,True
42075,Edmilson Junior,Qatar,RW,upper90_can_enter_real_xi,6.920022961037699,0.6,0.34811792591718144,0.462085145320056,0.8102030712372374,0.6849921111720132,0.5132377794857867,107.0,86.0,0,1.0,1.0,0.6956521739130435,True
158698,J. Quansah,England,RB,upper90_can_enter_real_xi,6.91659325972003,0.7166666666666667,0.2481095648213933,0.3500504421617448,0.5981600069831381,0.5370524709848076,0.4116887865378286,138.0,209.0,0,1.0,1.0,1.0,True
292396,A. Londono,Panama,RW,upper90_can_enter_real_xi,6.9157329063517885,0.6,0.3152974171967302,0.5357608434902947,0.851058260687025,0.6849921111720132,0.5132377794857867,34.0,39.0,0,1.0,1.0,1.0,True
25414,J. Yeboah,Ecuador,RW,upper90_can_enter_real_xi,6.914624193436894,0.6,0.27668227993049865,0.6260250652878475,0.9027073452183462,0.6849921111720132,0.5132377794857867,5.0,15.0,0,1.0,1.0,1.0,True
35885,A. Zendejas,USA,RW,upper90_can_enter_real_xi,6.913005005700868,0.6,0.31483301254269414,0.5343786175353619,0.849211630078056,0.6849921111720132,0.5132377794857867,36.0,40.0,0,1.0,1.0,0.9285714285714286,True
1807,E. Ndicka,Ivory Coast,RB,upper90_can_enter_real_xi,6.911591133013695,0.7166666666666667,0.24775394470076484,0.3463436108956527,0.5940975555964175,0.5370524709848076,0.4116887865378286,141.0,215.0,0,1.0,1.0,0.7380952380952381,True
343287,D. Livramento,Cape Verde Islands,RW,upper90_can_enter_real_xi,6.9112683199817955,0.6,0.436870491672954,0.2362603805910182,0.6731308722639722,0.6849921111720132,0.5132377794857867,243.0,225.0,0,1.0,1.0,1.0,True
51617,D. Nunez,Uruguay,RW,upper90_can_enter_real_xi,6.91024726501399,0.6,0.358107516423847,0.4295863895554754,0.7876939059793224,0.6849921111720132,0.5132377794857867,146.0,107.0,0,1.0,1.0,0.95,True
16367,W. Pacho,Ecuador,LCB,upper90_can_enter_real_xi,6.90969942090739,0.6136363636363636,0.2315566982103443,0.5235891663566118,0.7551458645669561,0.5691781948134136,0.1962433102698438,6.0,11.0,0,1.0,1.0,0.8958333333333334,True
31,J. M. Gimenez,Uruguay,RCB,upper90_can_enter_real_xi,6.906875859485764,0.5333333333333333,0.39160592712645115,0.3260006222477827,0.7176065493742338,0.5807958869886298,0.2884856769736131,23.0,12.0,0,1.0,1.0,0.75,True
1084,M. Pongracic,Croatia,RB,upper90_can_enter_real_xi,6.900976686112099,0.7166666666666667,0.2402683136259245,0.3543874235256428,0.5946557371515673,0.5370524709848076,0.4116887865378286,132.0,213.0,0,1.0,1.0,0.9333333333333332,True
354027,J. Ordonez,Ecuador,RB,upper90_can_enter_real_xi,6.899837272304619,0.7166666666666667,0.24412538783644333,0.3442348719303434,0.5883602597667867,0.5370524709848076,0.4116887865378286,147.0,218.0,0,1.0,1.0,0.9069767441860463,True
186,Son Heung-Min,South Korea,RW,upper90_can_enter_real_xi,6.895465793599055,0.6,0.28195113118767123,0.5961546897364947,0.8781058209241659,0.6849921111720132,0.5132377794857867,11.0,25.0,0,1.0,1.0,1.0,True
71230,C. Harvey,Panama,RB,high_ability_role_stabilization,6.893935436580024,0.7166666666666667,0.43251474488196523,0.3481310864367509,0.7806458313187161,0.5370524709848076,0.4116887865378286,86.0,15.0,0,1.0,1.0,0.4705882352941176,False
70078,F. Pellistri,Uruguay,AM,upper90_can_enter_real_xi,6.89384599829552,0.43333333333333335,0.5199097329477036,0.2551943234827656,0.7751040564304692,0.5936339452033933,0.4573550598962117,142.0,48.0,0,1.0,1.0,0.8333333333333334,True
2897,Kim Min-Jae,South Korea,RCB,upper90_can_enter_real_xi,6.892261906678938,0.5333333333333333,0.31846970698771854,0.4855826400240361,0.8040523470117547,0.5807958869886298,0.2884856769736131,5.0,4.0,0,1.0,1.0,0.6521739130434783,True
2906,Lee Jae-Sung,South Korea,ST,high_ability_role_stabilization,6.892219032237427,0.9166666666666667,0.2847989509050397,0.3438271292910223,0.628626080196062,0.6160898225863196,0.2792401392268431,15.0,15.0,0,1.0,1.0,0.53125,False
96615,I. Diaz,Panama,RW,upper90_can_enter_real_xi,6.889917919757509,0.6,0.31677046475268256,0.5088109250905175,0.8255813898432001,0.6849921111720132,0.5132377794857867,51.0,66.0,0,1.0,1.0,0.75,True
198352,M. Toure,Australia,RW,upper90_can_enter_real_xi,6.8860805361865545,0.6,0.35166143342279366,0.4228528322602957,0.7745142656830893,0.6849921111720132,0.5132377794857867,151.0,131.0,0,1.0,1.0,1.0,True
20457,C. Burgess,Australia,RB,upper90_can_enter_real_xi,6.883885149091202,0.7166666666666667,0.22475730861435012,0.3755120380794577,0.6002693466938078,0.5370524709848076,0.4116887865378286,106.0,205.0,0,1.0,1.0,0.9615384615384616,True
16360,A. Franco,Ecuador,RB,upper90_can_enter_real_xi,6.8837319553919665,0.7166666666666667,0.2171858442871764,0.3932689594898357,0.6104548037770121,0.5370524709848076,0.4116887865378286,84.0,191.0,0,1.0,1.0,0.9636363636363636,True
318,K. Koulibaly,Senegal,RCB,upper90_can_enter_real_xi,6.875792811511189,0.5333333333333333,0.3085395700467762,0.4940819680955833,0.8026215381423595,0.5807958869886298,0.2884856769736131,3.0,5.0,0,1.0,1.0,0.6176470588235294,True
284295,Z. Iqbal,Iraq,AM,upper90_can_enter_real_xi,6.875736637950857,0.43333333333333335,0.44264277155433557,0.421362268281034,0.8640050398353696,0.5936339452033933,0.4573550598962117,49.0,12.0,0,1.0,1.0,0.9230769230769232,True
160925,T. Ali,Sweden,AM,upper90_can_enter_real_xi,6.8696087595415385,0.43333333333333335,0.4263008534734132,0.4544178215547423,0.8807186750281555,0.5936339452033933,0.4573550598962117,33.0,7.0,0,1.0,1.0,0.7368421052631579,True
197933,A. Basil,Iraq,GK,upper90_can_enter_real_xi,6.869228921541173,0.30833333333333335,0.5921473057025299,0.3794012396774763,0.9715485453800062,0.6652291855465318,0.586972041249707,97.0,4.0,0,1.0,1.0,1.0,True
1942,J. Ito,Japan,RW,upper90_can_enter_real_xi,6.868215715527908,0.6,0.31208903272533406,0.5001468514918861,0.8122358842172201,0.6849921111720132,0.5132377794857867,68.0,83.0,0,1.0,1.0,0.9310344827586208,True
18931,C. Wood,New Zealand,RW,upper90_can_enter_real_xi,6.86799521301829,0.6,0.4084276252505375,0.262963797499488,0.6713914227500255,0.6849921111720132,0.5132377794857867,239.0,226.0,0,1.0,1.0,1.0,True
136723,N. Madueke,England,RW,upper90_can_enter_real_xi,6.865805060587127,0.6,0.3038510789046256,0.5174268742128504,0.821277953117476,0.6849921111720132,0.5132377794857867,46.0,72.0,0,1.0,1.0,0.9090909090909092,True
2983,J. Fajardo,Panama,RW,upper90_can_enter_real_xi,6.859831309661953,0.6,0.32166908988786197,0.4698808928659511,0.791549982753813,0.6849921111720132,0.5132377794857867,103.0,101.0,0,1.0,1.0,1.0,True
163220,J. Antonisse,Curaçao,RW,upper90_can_enter_real_xi,6.859565788277707,0.6,0.31765066652239216,0.4791376013804757,0.7967882679028678,0.6849921111720132,0.5132377794857867,90.0,97.0,0,1.0,1.0,0.9642857142857144,True
35533,E. Valencia,Ecuador,RW,upper90_can_enter_real_xi,6.856471665199005,0.6,0.34244289622435375,0.4177249465588371,0.7601678427831908,0.6849921111720132,0.5132377794857867,156.0,152.0,0,1.0,1.0,1.0,True
51572,M. Vina,Uruguay,LB,upper90_can_enter_real_xi,6.853480159697022,0.3666666666666667,0.42695974235729395,0.3368826326420964,0.7638423749993903,0.5528913134304534,0.316122165425593,29.0,9.0,2,1.0,0.9705882352941176,0.6428571428571429,True
2532,B. Khoukhi,Qatar,RCB,upper90_can_enter_real_xi,6.8520108735058205,0.5333333333333333,0.35512523938063545,0.3623504423924899,0.7174756817731254,0.5807958869886298,0.2884856769736131,18.0,13.0,0,1.0,1.0,0.7142857142857143,True
101814,R. Araujo,Uruguay,RCB,upper90_can_enter_real_xi,6.837588644723433,0.5333333333333333,0.3690095927769428,0.3164217627445015,0.6854313555214443,0.5807958869886298,0.2884856769736131,28.0,18.0,0,1.0,1.0,0.7058823529411765,True
6005,J. Quintero,Colombia,AM,upper90_can_enter_real_xi,6.828489723561865,0.43333333333333335,0.3443324876229249,0.6107802899471015,0.9551127775700264,0.5936339452033933,0.4573550598962117,1.0,1.0,0,1.0,1.0,0.9523809523809524,True
50272,O. Shukurov,Uzbekistan,DM,high_ability_role_stabilization,6.8193778286358535,0.29166666666666663,0.5921473057025299,0.1578011238885236,0.7499484295910536,0.5957839179206379,0.1010747767397886,23.0,10.0,28,0.5172413793103449,0.4615384615384615,0.5,False
361966,K. Rodriguez,Ecuador,RW,upper90_can_enter_real_xi,6.8189644289056766,0.6,0.31589753971388773,0.4463710289532757,0.7622685686671634,0.6849921111720132,0.5132377794857867,133.0,148.0,0,1.0,1.0,0.925925925925926,True
2879,R. Alvarado,Mexico,RW,upper90_can_enter_real_xi,6.808111280504416,0.6,0.2849460704762319,0.5096625486047712,0.7946086190810031,0.6849921111720132,0.5132377794857867,60.0,99.0,0,1.0,1.0,0.9736842105263158,True
24810,J. Cordoba,Colombia,RW,upper90_can_enter_real_xi,6.79349704947399,0.6,0.29617770048491177,0.4698293949202309,0.7660070954051427,0.6849921111720132,0.5132377794857867,111.0,141.0,0,1.0,1.0,0.935483870967742,True
146772,Y. Belammari,Morocco,LB,upper90_can_enter_real_xi,6.7805702567043875,0.3666666666666667,0.508938720939172,0.2266431744554591,0.7355818953946311,0.5528913134304534,0.316122165425593,43.0,11.0,0,1.0,1.0,0.9,True
667,M. Depay,Netherlands,RW,upper90_can_enter_real_xi,6.772548171683649,0.6,0.32988074296666126,0.371123223790332,0.7010039667569933,0.6849921111720132,0.5132377794857867,194.0,204.0,0,1.0,1.0,1.0,True
335056,D. Moreira,Belgium,RW,upper90_can_enter_real_xi,6.76990346612212,0.6,0.28067607557228746,0.4850208871210975,0.7656969626933849,0.6849921111720132,0.5132377794857867,93.0,142.0,0,1.0,1.0,0.65625,True
72155,A. Ueda,Japan,RW,upper90_can_enter_real_xi,6.7683901592876605,0.6,0.257711139064154,0.5379259126544498,0.7956370517186038,0.6849921111720132,0.5132377794857867,38.0,98.0,0,1.0,1.0,0.6511627906976745,True
350850,B. Zeneli,Sweden,AM,upper90_can_enter_real_xi,6.757806196283602,0.43333333333333335,0.3440729730871588,0.5471359358695829,0.8912089089567417,0.5936339452033933,0.4573550598962117,9.0,6.0,0,1.0,1.0,0.6086956521739131,True
221,E. Room,Curaçao,GK,upper90_can_enter_real_xi,6.749776597805978,0.30833333333333335,0.5358146844107557,0.4039580502442198,0.9397727346549756,0.6652291855465318,0.586972041249707,95.0,11.0,0,1.0,1.0,1.0,True
295977,T. Moremi,South Africa,AM,upper90_can_enter_real_xi,6.743718543187721,0.43333333333333335,0.36196835866432864,0.4920307944181982,0.8539991530825268,0.5936339452033933,0.4573550598962117,23.0,14.0,0,1.0,1.0,0.6,True
351587,T. Oluwaseyi,Canada,RW,upper90_can_enter_real_xi,6.73357173293122,0.6,0.3201965914993883,0.3452607470782182,0.6654573385776065,0.6849921111720132,0.5132377794857867,213.0,230.0,0,1.0,1.0,0.6923076923076923,True
213980,N. Al Rashdan,Jordan,AM,upper90_can_enter_real_xi,6.731379446367201,0.43333333333333335,0.4017998425925424,0.3866662898419484,0.7884661324344908,0.5936339452033933,0.4573550598962117,80.0,38.0,0,1.0,1.0,0.8235294117647058,True
6009,J. Alvarez,Argentina,RW,upper90_can_enter_real_xi,6.731335238083353,0.6,0.23840709314009723,0.5498673655619414,0.7882744587020386,0.6849921111720132,0.5132377794857867,35.0,105.0,0,1.0,1.0,0.6041666666666666,True
304958,Yang Hyun-Jun,South Korea,RW,upper90_can_enter_real_xi,6.722857554112272,0.6,0.2974534975900025,0.4025961514339095,0.700049649023912,0.6849921111720132,0.5132377794857867,177.0,207.0,0,1.0,1.0,0.8285714285714286,True
2699,S. Ghoddos,Iran,CM,upper90_can_enter_real_xi,6.721057967697587,0.21666666666666667,0.49576616822511543,0.2067704967775251,0.7025366650026406,0.6749395504392031,0.4690746672053949,110.0,77.0,18,0.6896551724137931,0.6538461538461539,0.9166666666666666,True
30776,C. Romero,Argentina,RCB,upper90_can_enter_real_xi,6.709041223797527,0.5333333333333333,0.2675003735028472,0.4394913529142676,0.7069917264171148,0.5807958869886298,0.2884856769736131,12.0,15.0,0,1.0,1.0,0.8421052631578947,True
2682,A. Beiranvand,Iran,GK,upper90_can_enter_real_xi,6.702146436905734,0.30833333333333335,0.4598945825575751,0.5401054174424249,1.0,0.6652291855465318,0.586972041249707,39.0,2.0,0,1.0,1.0,1.0,True
295513,J. Lopez,Argentina,RW,upper90_can_enter_real_xi,6.6997340153728455,0.6,0.22227032365235622,0.559280436432504,0.7815507600848602,0.6849921111720132,0.5132377794857867,31.0,120.0,0,1.0,1.0,0.8518518518518519,True
8489,J. David,Canada,RW,upper90_can_enter_real_xi,6.695466996207189,0.6,0.29133874849403396,0.3889243837521489,0.6802631322461828,0.6849921111720132,0.5132377794857867,188.0,219.0,0,1.0,1.0,0.8611111111111112,True
2598,R. Doan,Japan,RW,upper90_can_enter_real_xi,6.691116201201689,0.6,0.2656916957396731,0.4488137258887043,0.7145054216283774,0.6849921111720132,0.5132377794857867,144.0,196.0,0,1.0,1.0,0.9743589743589745,True
70670,I. Pitta,Paraguay,RW,upper90_can_enter_real_xi,6.688865963965778,0.6,0.29139121832759646,0.3697869510850013,0.6611781694125978,0.6849921111720132,0.5132377794857867,199.0,234.0,0,1.0,1.0,1.0,True
2887,R. Jimenez,Mexico,RW,upper90_can_enter_real_xi,6.684114632780616,0.6,0.28494607047623194,0.3902789291988909,0.6752249996751228,0.6849921111720132,0.5132377794857867,187.0,222.0,0,1.0,1.0,0.9142857142857144,True
113580,W. Semedo,Cape Verde Islands,AM,upper90_can_enter_real_xi,6.682291449635964,0.43333333333333335,0.39250073537318564,0.3640205462411207,0.7565212816143063,0.5936339452033933,0.4573550598962117,103.0,62.0,0,1.0,1.0,0.9487179487179488,True
161939,T. Araujo,Portugal,RCB,upper90_can_enter_real_xi,6.679882745729666,0.5333333333333333,0.2950270659045459,0.3479205544485609,0.6429476203531068,0.5807958869886298,0.2884856769736131,22.0,26.0,0,1.0,1.0,0.7666666666666667,True
260865,M. Pasalic,Croatia,AM,upper90_can_enter_real_xi,6.6656831021137375,0.43333333333333335,0.3679483032832531,0.4069550697971198,0.7749033730803729,0.5936339452033933,0.4573550598962117,70.0,50.0,0,1.0,1.0,0.8076923076923077,True
53535,E. Shomurodov,Uzbekistan,RW,upper90_can_enter_real_xi,6.664651620148998,0.6,0.2583305940920255,0.4421539833716063,0.7004845774636318,0.6849921111720132,0.5132377794857867,149.0,206.0,0,1.0,1.0,0.6190476190476191,True
158054,N. Woltemade,Germany,RW,upper90_can_enter_real_xi,6.656262124481668,0.6,0.2665311660644256,0.4080362573785893,0.6745674234430149,0.6849921111720132,0.5132377794857867,178.0,223.0,0,1.0,1.0,0.6756756756756757,True
48129,A. Sher,Iraq,AM,upper90_can_enter_real_xi,6.653580121359822,0.43333333333333335,0.35977519501830924,0.4152706159197901,0.7750458109380993,0.5936339452033933,0.4573550598962117,67.0,49.0,0,1.0,1.0,1.0,True
22224,Gabriel,Brazil,RCB,upper90_can_enter_real_xi,6.653030677762041,0.5333333333333333,0.22276111619532657,0.4943200101543298,0.7170811263496564,0.5807958869886298,0.2884856769736131,8.0,14.0,0,1.0,1.0,0.8431372549019608,True
30484,M. Svanberg,Sweden,AM,upper90_can_enter_real_xi,6.652520111547625,0.43333333333333335,0.4740219429552215,0.144269202785092,0.6182911457403135,0.5936339452033933,0.4573550598962117,151.0,142.0,0,1.0,1.0,0.6,True
19172,O. Nyland,Norway,GK,upper90_can_enter_real_xi,6.65008117980754,0.30833333333333335,0.48071326266573683,0.4435655761884116,0.9242788388541484,0.6652291855465318,0.586972041249707,92.0,22.0,0,1.0,1.0,1.0,True
21138,R. Ait-Nouri,Algeria,LB,upper90_can_enter_real_xi,6.6488921817905755,0.3666666666666667,0.32294753246621055,0.5465513700153559,0.8694989024815665,0.5528913134304534,0.316122165425593,2.0,2.0,0,1.0,1.0,0.9047619047619048,True
266345,E. Lira,Mexico,RCB,upper90_can_enter_real_xi,6.642949727615477,0.5333333333333333,0.23863738258585943,0.447629789461649,0.6862671720475084,0.5807958869886298,0.2884856769736131,11.0,17.0,0,1.0,1.0,0.6808510638297872,True
441269,P. Okon-Engstler,Australia,AM,upper90_can_enter_real_xi,6.639387011231138,0.43333333333333335,0.3052894352458875,0.531152311628529,0.8364417468744165,0.5936339452033933,0.4573550598962117,14.0,20.0,0,1.0,1.0,0.9285714285714286,True
163200,C. J. dos Santos,Cape Verde Islands,GK,upper90_can_enter_real_xi,6.638899914140778,0.30833333333333335,0.4579341528688313,0.4872423214658591,0.9451764743346904,0.6652291855465318,0.586972041249707,78.0,9.0,0,1.0,1.0,1.0,True
13376,J. Campaz,Colombia,AM,upper90_can_enter_real_xi,6.625773965985774,0.43333333333333335,0.31881284867435733,0.4868123842109062,0.8056252328852636,0.5936339452033933,0.4573550598962117,29.0,27.0,0,1.0,1.0,0.8518518518518519,True
13151,J. Portilla,Colombia,AM,upper90_can_enter_real_xi,6.614982914438048,0.43333333333333335,0.3708350551257891,0.3540407584641349,0.724875813589924,0.5936339452033933,0.4573550598962117,109.0,82.0,0,1.0,1.0,1.0,True
347316,L. Bergvall,Sweden,AM,upper90_can_enter_real_xi,6.604074240067889,0.43333333333333335,0.3768184390079403,0.3299812380425422,0.7067996770504825,0.5936339452033933,0.4573550598962117,123.0,96.0,0,1.0,1.0,0.8888888888888888,True
51114,C. Roldan,USA,AM,upper90_can_enter_real_xi,6.5975521433394055,0.43333333333333335,0.3000553461302202,0.5054920969094411,0.8055474430396613,0.5936339452033933,0.4573550598962117,22.0,28.0,0,1.0,1.0,1.0,True
193288,N. Al Aqidi,Saudi Arabia,GK,upper90_can_enter_real_xi,6.592254431857628,0.30833333333333335,0.4547092243428204,0.4524598959062944,0.9071691202491148,0.6652291855465318,0.586972041249707,91.0,30.0,0,1.0,1.0,1.0,True
19614,S. Ezatolahi,Iran,AM,upper90_can_enter_real_xi,6.582860437732521,0.43333333333333335,0.3628771940265419,0.3436479967846035,0.7065251908111454,0.5936339452033933,0.4573550598962117,115.0,97.0,0,1.0,1.0,0.8571428571428571,True
53886,J. Hassan,Iraq,GK,upper90_can_enter_real_xi,6.579997715159161,0.30833333333333335,0.45174691773197484,0.4483192418060501,0.9000661595380249,0.6652291855465318,0.586972041249707,93.0,38.0,0,1.0,1.0,1.0,True
313383,O. Vargas,Mexico,AM,upper90_can_enter_real_xi,6.577509283517756,0.43333333333333335,0.34696034935554154,0.3764049439935455,0.7233652933490871,0.5936339452033933,0.4573550598962117,97.0,84.0,0,1.0,1.0,0.75,True
362400,M. Arfsten,USA,AM,upper90_can_enter_real_xi,6.577308944498076,0.43333333333333335,0.28783596292659674,0.515971367353161,0.8038073302797577,0.5936339452033933,0.4573550598962117,21.0,29.0,0,1.0,1.0,0.7368421052631579,True
312459,N. Velupillay,Australia,AM,upper90_can_enter_real_xi,6.576443911439557,0.43333333333333335,0.3910973477857278,0.2711126094511058,0.6622099572368336,0.5936339452033933,0.4573550598962117,144.0,126.0,0,1.0,1.0,0.8421052631578947,True
46731,P. Estupinan,Ecuador,LB,upper90_can_enter_real_xi,6.57534849726299,0.3666666666666667,0.39746764223332054,0.3035550337225652,0.7010226759558857,0.5528913134304534,0.316122165425593,38.0,20.0,0,1.0,1.0,1.0,True
2977,A. Godoy,Panama,AM,upper90_can_enter_real_xi,6.575265796131376,0.43333333333333335,0.31915710193162444,0.4400821766442759,0.7592392785759003,0.5936339452033933,0.4573550598962117,54.0,59.0,0,1.0,1.0,0.7878787878787878,True
94541,J. Bell,New Zealand,AM,upper90_can_enter_real_xi,6.570238850717254,0.43333333333333335,0.3355842547423174,0.3966844105334368,0.7322686652757542,0.5936339452033933,0.4573550598962117,83.0,76.0,0,1.0,1.0,1.0,True
96512,K. Lenini,Cape Verde Islands,DM,upper90_can_enter_real_xi,6.568294502102983,0.29166666666666663,0.38845943610115286,0.4156188592782336,0.8040782953793865,0.5957839179206379,0.1010747767397886,12.0,3.0,0,1.0,1.0,0.8666666666666667,True
337587,J. Bos,Australia,LCB,high_ability_role_stabilization,6.567577851456682,0.6136363636363636,0.28618099899143523,0.5380030286461166,0.8241840276375518,0.5691781948134136,0.1962433102698438,3.0,2.0,0,1.0,1.0,0.4117647058823529,False
2749,J. Irvine,Australia,AM,upper90_can_enter_real_xi,6.556175052095766,0.43333333333333335,0.34563892644095834,0.360133551408024,0.7057724778489823,0.5936339452033933,0.4573550598962117,108.0,98.0,0,1.0,1.0,0.8571428571428571,True
7050,A. O'Neill,Australia,AM,upper90_can_enter_real_xi,6.544923952371157,0.43333333333333335,0.2942673848712569,0.47132892264131,0.7655963075125669,0.5936339452033933,0.4573550598962117,35.0,55.0,0,1.0,1.0,0.8529411764705882,True
70767,B. Ojeda,Paraguay,AM,upper90_can_enter_real_xi,6.536264658224872,0.43333333333333335,0.31943330890840077,0.4039737438750744,0.7234070527834752,0.5936339452033933,0.4573550598962117,78.0,83.0,0,1.0,1.0,0.6923076923076923,True
50817,J. Osorio,Canada,AM,upper90_can_enter_real_xi,6.533992415075168,0.43333333333333335,0.3281431247700422,0.3813212307932818,0.709464355563324,0.5936339452033933,0.4573550598962117,95.0,92.0,0,1.0,1.0,0.6666666666666666,True
33321,K. Nakamura,Japan,AM,upper90_can_enter_real_xi,6.524408024377606,0.43333333333333335,0.29008791445912024,0.4625568272576775,0.7526447417167977,0.5936339452033933,0.4573550598962117,43.0,65.0,0,1.0,1.0,0.6060606060606061,True
362145,A. Ahmed,Canada,AM,upper90_can_enter_real_xi,6.516181845003214,0.43333333333333335,0.30028483400019557,0.4309766725475065,0.7312615065477021,0.5936339452033933,0.4573550598962117,66.0,77.0,0,1.0,1.0,0.71875,True
291024,H. Varela,Cape Verde Islands,AM,upper90_can_enter_real_xi,6.511947283955545,0.43333333333333335,0.32814312477004215,0.3612802025027153,0.6894233272727575,0.5936339452033933,0.4573550598962117,110.0,112.0,0,1.0,1.0,1.0,True
49837,M. Gunok,Türkiye,GK,upper90_can_enter_real_xi,6.503361725055415,0.30833333333333335,0.41313249029913135,0.4699206247348202,0.8830531150339516,0.6652291855465318,0.586972041249707,88.0,46.0,0,1.0,1.0,1.0,True
268710,J. Adams,South Africa,AM,upper90_can_enter_real_xi,6.502363263456714,0.43333333333333335,0.32460349990496895,0.3609338426394061,0.685537342544375,0.5936339452033933,0.4573550598962117,111.0,114.0,0,1.0,1.0,0.8518518518518519,True
16470,J. Alcivar,Ecuador,AM,upper90_can_enter_real_xi,6.495816178784005,0.43333333333333335,0.29851994434597207,0.4166339878945724,0.7151539322405445,0.5936339452033933,0.4573550598962117,72.0,89.0,0,1.0,1.0,0.9714285714285714,True
39143,K. Thorstvedt,Norway,AM,upper90_can_enter_real_xi,6.473817031843966,0.43333333333333335,0.30456770980309095,0.382340045050438,0.686907754853529,0.5936339452033933,0.4573550598962117,102.0,113.0,0,1.0,1.0,0.6428571428571429,True
1864,P. Neto,Portugal,AM,upper90_can_enter_real_xi,6.470232388775404,0.43333333333333335,0.23909997062859367,0.5338232075823748,0.7729231782109685,0.5936339452033933,0.4573550598962117,18.0,52.0,0,1.0,1.0,0.7916666666666666,True
1324,I. Sunjic,Bosnia & Herzegovina,AM,upper90_can_enter_real_xi,6.457943149669123,0.43333333333333335,0.33407135088396245,0.2981733641548844,0.6322447150388468,0.5936339452033933,0.4573550598962117,138.0,138.0,0,1.0,1.0,0.8222222222222222,True
94333,E. Just,New Zealand,AM,upper90_can_enter_real_xi,6.450658734352882,0.43333333333333335,0.2820462724528014,0.4145195356137726,0.696565808066574,0.5936339452033933,0.4573550598962117,76.0,107.0,0,1.0,1.0,0.75,True
278370,D. Gomez,Paraguay,AM,upper90_can_enter_real_xi,6.438455171417535,0.43333333333333335,0.2822368442802561,0.4029749449894736,0.6852117892697297,0.5936339452033933,0.4573550598962117,86.0,115.0,0,1.0,1.0,0.6052631578947368,True
61895,S. Mele,Uruguay,GK,upper90_can_enter_real_xi,6.432174120676515,0.30833333333333335,0.36287719402654206,0.5239898664892129,0.8868670605157549,0.6652291855465318,0.586972041249707,69.0,45.0,0,1.0,1.0,1.0,True
51776,M. Araujo,Uruguay,LB,upper90_can_enter_real_xi,6.408681428609748,0.3666666666666667,0.2505090375234696,0.499396218806537,0.7499052563300066,0.5528913134304534,0.316122165425593,6.0,10.0,0,1.0,1.0,0.7380952380952381,True
35544,J. Vasquez,Mexico,LCB,high_ability_role_stabilization,6.406623328544026,0.6136363636363636,0.24698332403241613,0.4843297849922937,0.7313131090247098,0.5691781948134136,0.1962433102698438,7.0,15.0,0,1.0,1.0,0.5813953488372093,False
50270,R. Mendes,Cape Verde Islands,AM,upper90_can_enter_real_xi,6.405774592788686,0.43333333333333335,0.3086018949782366,0.3109479354952925,0.6195498304735291,0.5936339452033933,0.4573550598962117,133.0,140.0,0,1.0,1.0,0.6071428571428571,True
237220,Lee Tae-Seok,South Korea,AM,upper90_can_enter_real_xi,6.396310526520404,0.43333333333333335,0.28941707074556855,0.3476901870740706,0.6371072578196392,0.5936339452033933,0.4573550598962117,122.0,135.0,0,1.0,1.0,0.96875,True
42021,M. Barsham,Qatar,GK,upper90_can_enter_real_xi,6.394859860452024,0.30833333333333335,0.3559833765304461,0.5063622894577209,0.862345665988167,0.6652291855465318,0.586972041249707,79.0,53.0,0,1.0,1.0,1.0,True
51494,M. Ugarte,Uruguay,CM,upper90_can_enter_real_xi,6.369396084172962,0.21666666666666667,0.4222507820425516,0.4623559217093498,0.8846067037519014,0.6749395504392031,0.4690746672053949,30.0,5.0,0,1.0,1.0,0.7857142857142857,True
269172,Z. Al Johani,Saudi Arabia,DM,upper90_can_enter_real_xi,6.364179800565402,0.29166666666666663,0.3371179009374817,0.3514127591763831,0.6885306601138648,0.5957839179206379,0.1010747767397886,17.0,15.0,0,1.0,1.0,0.6086956521739131,True
1125,R. Christie,Scotland,CM,upper90_can_enter_real_xi,6.360923356200803,0.21666666666666667,0.4519426062478592,0.3844727663402957,0.8364153725881549,0.6749395504392031,0.4690746672053949,74.0,12.0,0,1.0,1.0,0.9,True
158700,V. Johansson,Sweden,GK,upper90_can_enter_real_xi,6.347087724851304,0.30833333333333335,0.32366439801525027,0.5393233881293473,0.8629877861445976,0.6652291855465318,0.586972041249707,59.0,52.0,0,1.0,1.0,1.0,True
51466,J. Piquerez,Uruguay,LB,upper90_can_enter_real_xi,6.340571699212072,0.3666666666666667,0.2656121592326555,0.4017799953142101,0.6673921545468656,0.5528913134304534,0.316122165425593,18.0,26.0,0,1.0,1.0,0.8604651162790697,True
127817,P. Hincapie,Ecuador,LB,upper90_can_enter_real_xi,6.325298060921153,0.3666666666666667,0.26168616168411485,0.397174500164472,0.6588606618485868,0.5528913134304534,0.316122165425593,19.0,30.0,0,1.0,1.0,0.6,True
199578,Z. Suzuki,Japan,GK,upper90_can_enter_real_xi,6.3124030387068055,0.30833333333333335,0.31704051634883235,0.523448302845882,0.8404888191947143,0.6652291855465318,0.586972041249707,75.0,66.0,0,1.0,1.0,1.0,True
2851,K. Nordfeldt,Sweden,GK,upper90_can_enter_real_xi,6.3121176830778705,0.30833333333333335,0.31144621220200475,0.5364117893484427,0.8478580015504474,0.6652291855465318,0.586972041249707,68.0,63.0,0,1.0,1.0,1.0,True
266606,C. Brady,USA,GK,upper90_can_enter_real_xi,6.311100763093765,0.30833333333333335,0.3052894352458877,0.5500396985318965,0.8553291337777842,0.6652291855465318,0.586972041249707,55.0,58.0,0,1.0,1.0,1.0,True
195107,D. Bobadilla,Paraguay,AM,upper90_can_enter_real_xi,6.30742574441838,0.43333333333333335,0.232350881512077,0.4017695597150283,0.6341204412271053,0.5936339452033933,0.4573550598962117,93.0,137.0,0,1.0,1.0,0.9019607843137256,True
81224,M. Ramirez,Ecuador,GK,upper90_can_enter_real_xi,6.304284127695801,0.30833333333333335,0.30583410906920716,0.5425553464059009,0.848389455475108,0.6652291855465318,0.586972041249707,61.0,62.0,0,1.0,1.0,1.0,True
51603,A. Canobbio,Uruguay,AM,upper90_can_enter_real_xi,6.301050409355795,0.43333333333333335,0.22516786869933125,0.4129518308518958,0.638119699551227,0.5936339452033933,0.4573550598962117,87.0,134.0,0,1.0,1.0,0.8571428571428571,True
2482,C. Vargas,Colombia,GK,upper90_can_enter_real_xi,6.289382104128796,0.30833333333333335,0.25394665667807736,0.6516511215422031,0.9055977782202804,0.6652291855465318,0.586972041249707,17.0,33.0,0,1.0,1.0,1.0,True
48033,J. Widell Zetterstrom,Sweden,GK,upper90_can_enter_real_xi,6.277693266957871,0.30833333333333335,0.2735463430867324,0.5946983744209049,0.8682447175076373,0.6652291855465318,0.586972041249707,33.0,50.0,0,1.0,1.0,1.0,True
16642,G. Valle,Ecuador,GK,upper90_can_enter_real_xi,6.273524857502631,0.30833333333333335,0.2890577694639671,0.5542455398426773,0.8433033093066444,0.6652291855465318,0.586972041249707,53.0,65.0,0,1.0,1.0,1.0,True
51148,D. St.Clair,Canada,GK,upper90_can_enter_real_xi,6.255089049149452,0.30833333333333335,0.28543812069676955,0.5460412475168005,0.83147936821357,0.6652291855465318,0.586972041249707,63.0,69.0,0,1.0,1.0,1.0,True
18110,M. Crocombe,New Zealand,GK,upper90_can_enter_real_xi,6.254873096537667,0.30833333333333335,0.30553115296803557,0.4983523052285487,0.8038834581965842,0.6652291855465318,0.586972041249707,86.0,93.0,0,1.0,1.0,1.0,True
50077,S. Rochet,Uruguay,GK,upper90_can_enter_real_xi,6.254830762353708,0.30833333333333335,0.2946464908891564,0.5240412027023,0.8186876935914564,0.6652291855465318,0.586972041249707,77.0,82.0,0,1.0,1.0,1.0,True
47380,M. Cucurella,Spain,LB,upper90_can_enter_real_xi,6.242782018506732,0.3666666666666667,0.22883986542596585,0.3997966163978954,0.6286364818238612,0.5528913134304534,0.316122165425593,20.0,38.0,0,1.0,1.0,0.96,True
369,D. Costa,Portugal,GK,upper90_can_enter_real_xi,6.2385514116306675,0.30833333333333335,0.22323157314216246,0.6780406894469759,0.9012722625891384,0.6652291855465318,0.586972041249707,7.0,36.0,0,1.0,1.0,1.0,True
1496,Raphinha,Brazil,AM,high_ability_role_stabilization,6.2298600335889205,0.43333333333333335,0.3109348059256314,0.6000569103471186,0.91099171627275,0.5936339452033933,0.4573550598962117,3.0,3.0,0,1.0,1.0,0.3793103448275862,False
39064,P. Berg,Norway,CM,upper90_can_enter_real_xi,6.22965392198437,0.21666666666666667,0.24549479137108565,0.5336356732476266,0.7791304646187123,0.6749395504392031,0.4690746672053949,18.0,35.0,4,1.0,0.9148936170212766,0.813953488372093,True
2741,M. Ryan,Australia,GK,upper90_can_enter_real_xi,6.226869052724317,0.30833333333333335,0.26967871780399366,0.557636203058693,0.8273149208626867,0.6652291855465318,0.586972041249707,54.0,72.0,0,1.0,1.0,1.0,True
617,Ederson,Brazil,GK,upper90_can_enter_real_xi,6.225406274562327,0.30833333333333335,0.2694709369596746,0.5567975230889116,0.8262684600485862,0.6652291855465318,0.586972041249707,56.0,75.0,0,1.0,1.0,1.0,True
1578,G. Lo Celso,Argentina,CM,upper90_can_enter_real_xi,6.224584017881872,0.21666666666666667,0.3561749199268891,0.4868878991726523,0.8430628190995414,0.6749395504392031,0.4690746672053949,27.0,10.0,0,1.0,1.0,0.9047619047619048,True
3275,R. Williams,South Africa,GK,upper90_can_enter_real_xi,6.209397312285217,0.30833333333333335,0.23315329283850428,0.628085625305214,0.8612389181437182,0.6652291855465318,0.586972041249707,28.0,54.0,0,1.0,1.0,1.0,True
6067,T. Almada,Argentina,CM,upper90_can_enter_real_xi,6.201251393563692,0.21666666666666667,0.3409197920274669,0.5017339975547589,0.8426537895822258,0.6749395504392031,0.4690746672053949,23.0,11.0,0,1.0,1.0,0.7391304347826086,True
270774,R. Rangel,Mexico,GK,upper90_can_enter_real_xi,6.197432215110283,0.30833333333333335,0.2512459289166946,0.5744438516886424,0.825689780605337,0.6652291855465318,0.586972041249707,45.0,76.0,0,1.0,1.0,1.0,True
50728,M. Freese,USA,GK,upper90_can_enter_real_xi,6.1906624067872364,0.30833333333333335,0.25858696534086256,0.5509379398469303,0.8095249051877929,0.6652291855465318,0.586972041249707,64.0,88.0,0,1.0,1.0,1.0,True
49,T. Partey,Ghana,CM,upper90_can_enter_real_xi,6.17721253563308,0.21666666666666667,0.38357909864765327,0.3790494019701256,0.7626285006177789,0.6749395504392031,0.4690746672053949,83.0,45.0,0,1.0,1.0,0.6666666666666666,True
2701,Bono,Morocco,GK,upper90_can_enter_real_xi,6.169381566985267,0.30833333333333335,0.24003327486717208,0.5754458993284082,0.8154791741955802,0.6652291855465318,0.586972041249707,47.0,85.0,0,1.0,1.0,1.0,True
94405,F. De Vries,New Zealand,LB,high_ability_role_stabilization,6.155843621295112,0.3666666666666667,0.339168265911856,0.5145309450570468,0.8536992109689028,0.5528913134304534,0.316122165425593,4.0,3.0,0,1.0,1.0,0.5909090909090909,False
2932,J. Pickford,England,GK,upper90_can_enter_real_xi,6.150743243136309,0.30833333333333335,0.2365323031523554,0.5667769926098313,0.8033092957621867,0.6652291855465318,0.586972041249707,52.0,94.0,0,1.0,1.0,1.0,True
19599,E. Martinez,Argentina,GK,upper90_can_enter_real_xi,6.149300723288004,0.30833333333333335,0.22297245341101934,0.5975161648636205,0.8204886182746398,0.6652291855465318,0.586972041249707,36.0,79.0,0,1.0,1.0,1.0,True
2410,Weverton,Brazil,GK,upper90_can_enter_real_xi,6.143701619396479,0.30833333333333335,0.23927413598175606,0.5538948207041292,0.7931689566858853,0.6652291855465318,0.586972041249707,65.0,96.0,0,1.0,1.0,1.0,True
70852,O. Gill,Paraguay,GK,upper90_can_enter_real_xi,6.133069835142109,0.30833333333333335,0.24921851279570584,0.5207246716399114,0.7699431844356173,0.6652291855465318,0.586972041249707,83.0,99.0,0,1.0,1.0,1.0,True
855,J. Cancelo,Portugal,LB,high_ability_role_stabilization,6.130116026372253,0.3666666666666667,0.32511256810153455,0.5243647808606614,0.849477348962196,0.5528913134304534,0.316122165425593,3.0,4.0,0,1.0,1.0,0.5714285714285714,False
25282,G. Kobel,Switzerland,GK,upper90_can_enter_real_xi,6.129752327097728,0.30833333333333335,0.22022572862290213,0.5862371541898287,0.8064628828127308,0.6652291855465318,0.586972041249707,42.0,90.0,0,1.0,1.0,1.0,True
26315,N. Gonzalez,Argentina,LW,upper90_can_enter_real_xi,6.126048904668324,0.1875,0.3218811095241223,0.430076038053953,0.7519571475780753,0.596298917266123,0.3191469542975713,10.0,9.0,0,1.0,1.0,0.782608695652174,True
1640,H. Calhanoglu,Türkiye,CM,upper90_can_enter_real_xi,6.118724319098688,0.21666666666666667,0.3190192668563421,0.4784742620819591,0.7974935289383012,0.6749395504392031,0.4690746672053949,33.0,24.0,0,1.0,1.0,0.896551724137931,True
1150,T. Adams,USA,CM,upper90_can_enter_real_xi,6.105019648515593,0.21666666666666667,0.33172366648471946,0.435986889702981,0.7677105561877005,0.6749395504392031,0.4690746672053949,56.0,42.0,0,1.0,1.0,0.9310344827586208,True
1485,B. Fernandes,Portugal,AM,high_ability_role_stabilization,6.1043180016604275,0.43333333333333335,0.25503048432726816,0.6180652778264387,0.8730957621537069,0.5936339452033933,0.4573550598962117,2.0,8.0,0,1.0,1.0,0.4634146341463415,False
750,A. Fidalgo,Mexico,CM,upper90_can_enter_real_xi,6.102775491811273,0.21666666666666667,0.31751477318290117,0.4675314041397149,0.7850461773226161,0.6749395504392031,0.4690746672053949,39.0,30.0,0,1.0,1.0,0.7586206896551724,True
2472,R. de Paul,Argentina,CM,upper90_can_enter_real_xi,6.09915236649753,0.21666666666666667,0.2541205332179135,0.5195585146044737,0.7736790478223872,0.6749395504392031,0.4690746672053949,22.0,39.0,1,1.0,0.981132075471698,0.9,True
147812,A. Yahya,Saudi Arabia,LB,high_ability_role_stabilization,6.085479160610124,0.3666666666666667,0.3806207088208383,0.3525847521040081,0.7332054609248464,0.5528913134304534,0.316122165425593,27.0,12.0,0,1.0,1.0,0.5,False
2489,L. Diaz,Colombia,CM,upper90_can_enter_real_xi,6.048399226440479,0.21666666666666667,0.223467922147635,0.6403909926132579,0.8638589147608929,0.6749395504392031,0.4690746672053949,4.0,8.0,0,1.0,1.0,0.8490566037735849,True
18970,P. Gross,Germany,CM,upper90_can_enter_real_xi,6.039872450352204,0.21666666666666667,0.3029623636963969,0.4447434252359353,0.7477057889323322,0.6749395504392031,0.4690746672053949,54.0,51.0,0,1.0,1.0,0.75,True
747,Casemiro,Brazil,CM,upper90_can_enter_real_xi,6.038095053200267,0.21666666666666667,0.2780401268557213,0.5020347149030437,0.7800748417587651,0.6749395504392031,0.4690746672053949,28.0,33.0,0,1.0,1.0,0.6842105263157895,True
44339,N. Al Dawsari,Saudi Arabia,CM,upper90_can_enter_real_xi,6.034746764959904,0.21666666666666667,0.32395248387380926,0.3904706999145051,0.7144231837883144,0.6749395504392031,0.4690746672053949,84.0,74.0,0,1.0,1.0,0.6363636363636364,True
182219,A. Baena,Spain,CM,upper90_can_enter_real_xi,6.026192445208095,0.21666666666666667,0.2938359075352548,0.4538786805767183,0.7477145881119731,0.6749395504392031,0.4690746672053949,48.0,50.0,0,1.0,1.0,0.8529411764705882,True
36902,T. Reijnders,Netherlands,CM,upper90_can_enter_real_xi,6.02150553095433,0.21666666666666667,0.2796034539301729,0.4832581943216709,0.7628616482518438,0.6749395504392031,0.4690746672053949,36.0,44.0,0,1.0,1.0,0.7297297297297297,True
116117,M. Caicedo,Ecuador,CM,upper90_can_enter_real_xi,5.973760225872602,0.21666666666666667,0.2266844972344082,0.5649345418919062,0.7916190391263144,0.6749395504392031,0.4690746672053949,11.0,29.0,0,1.0,1.0,0.7962962962962963,True
10135,Bruno Guimaraes,Brazil,CM,upper90_can_enter_real_xi,5.94236177082831,0.21666666666666667,0.24518154026560907,0.492670208323348,0.7378517485889571,0.6749395504392031,0.4690746672053949,34.0,58.0,0,1.0,1.0,0.8809523809523809,True
195104,R. Rios,Colombia,CM,upper90_can_enter_real_xi,5.9159180555567,0.21666666666666667,0.2520233110616091,0.4524590089222485,0.7044823199838576,0.6749395504392031,0.4690746672053949,55.0,76.0,0,1.0,1.0,0.7674418604651163,True
271444,M. Doski,Iraq,LB,high_ability_role_stabilization,5.889697140911863,0.3666666666666667,0.26750037350284733,0.4419764358572032,0.7094768093600505,0.5528913134304534,0.316122165425593,11.0,18.0,0,1.0,1.0,0.5882352941176471,False
277003,N. El Aynaoui,Morocco,DM,high_ability_role_stabilization,5.8448005251937065,0.29166666666666663,0.28214151009605337,0.4637394326454892,0.7458809427415426,0.5957839179206379,0.1010747767397886,8.0,11.0,0,1.0,1.0,0.5517241379310345,False
51618,B. Rodriguez,Uruguay,LW,high_ability_role_stabilization,5.750708114699871,0.1875,0.28783596292659674,0.6238729391313295,0.9117089020579262,0.596298917266123,0.3191469542975713,1.0,1.0,0,1.0,1.0,0.4705882352941176,False
2901,Hwang In-Beom,South Korea,CM,high_ability_role_stabilization,5.741481859823017,0.21666666666666667,0.37727325925678445,0.4523807716121224,0.8296540308689069,0.6749395504392031,0.4690746672053949,40.0,15.0,0,1.0,1.0,0.5555555555555556,False
6236,A. Cubas,Paraguay,CM,high_ability_role_stabilization,5.605656583587477,0.21666666666666667,0.28988100436541986,0.5354667593230374,0.8253477636884573,0.6749395504392031,0.4690746672053949,14.0,16.0,0,1.0,1.0,0.5945945945945946,False
304,S. Mane,Senegal,CM,high_ability_role_stabilization,5.592742986715929,0.21666666666666667,0.263724456359113,0.5855516938183567,0.8492761501774697,0.6749395504392031,0.4690746672053949,7.0,9.0,0,1.0,1.0,0.5789473684210527,False
51149,M. Boxall,New Zealand,RB,upper90_can_enter_top30,5.523390738409952,0.7166666666666667,0.3507425360240955,0.2045520363098326,0.5552945723339281,0.5370524709848076,0.4116887865378286,242.0,237.0,0,1.0,1.0,0.7916666666666666,True
94562,S. Gimenez,Mexico,RW,upper90_can_enter_top30,5.429409289669569,0.6,0.4561117236285581,0.1863880679336046,0.6424997915621627,0.6849921111720132,0.5132377794857867,247.0,242.0,0,1.0,1.0,1.0,True
12303,R. Ade,Haiti,RB,upper90_can_enter_top30,5.370455393803908,0.7166666666666667,0.2503757525778686,0.302750483904511,0.5531262364823796,0.5370524709848076,0.4116887865378286,192.0,238.0,0,1.0,1.0,0.8260869565217391,True
2499,J. Alonso,Paraguay,RB,upper90_can_enter_top30,5.354194546977072,0.7166666666666667,0.23092718178085297,0.3339372450366967,0.5648644268175497,0.5370524709848076,0.4116887865378286,165.0,232.0,0,1.0,1.0,0.7692307692307693,True
2502,G. Gomez,Paraguay,RB,upper90_can_enter_top30,5.313267541862307,0.7166666666666667,0.20246607690985718,0.3640025791728999,0.5664686560827571,0.5370524709848076,0.4116887865378286,127.0,231.0,0,1.0,1.0,0.8939393939393939,True
24888,Hwang Hee-Chan,South Korea,RW,upper90_can_enter_top30,5.280343396332456,0.6,0.35474583196528064,0.2962766571906055,0.6510224891558861,0.6849921111720132,0.5132377794857867,233.0,237.0,0,1.0,1.0,0.7272727272727273,True
44324,F. Al Buraikan,Saudi Arabia,RW,upper90_can_enter_top30,5.195335659594841,0.6,0.29897241894343024,0.3481997353414858,0.647172154284916,0.6849921111720132,0.5132377794857867,214.0,240.0,0,1.0,1.0,0.68,True
16482,R. Aguirre,Uruguay,RW,upper90_can_enter_top30,5.185537435507188,0.6,0.2979011329035827,0.3258673213016719,0.6237684542052546,0.6849921111720132,0.5132377794857867,223.0,246.0,0,1.0,1.0,0.8787878787878788,True
47294,I. Williams,Ghana,AM,upper90_can_enter_top30,4.84536003086961,0.43333333333333335,0.2882923225307614,0.3012195385277401,0.5895118610585015,0.5936339452033933,0.4573550598962117,141.0,147.0,0,1.0,1.0,0.6857142857142857,True
407806,Rayan,Brazil,AM,upper90_can_enter_top30,4.765329877157588,0.43333333333333335,0.2336387484561886,0.3604565403373178,0.5940952887935064,0.5936339452033933,0.4573550598962117,121.0,146.0,0,1.0,1.0,0.72,True
265820,Y. Ayari,Sweden,CM,upper90_can_enter_top30,4.47411152550801,0.21666666666666667,0.31489923044489726,0.349687855352871,0.6645870857977683,0.6749395504392031,0.4690746672053949,100.0,92.0,0,1.0,1.0,0.7916666666666666,True
1159,M. Sabitzer,Austria,CM,upper90_can_enter_top30,4.42920738740768,0.21666666666666667,0.294972607747016,0.3267167521835855,0.6216893599306015,0.6749395504392031,0.4690746672053949,104.0,106.0,0,1.0,1.0,0.6363636363636364,True
51016,T. Buchanan,Canada,CM,upper90_can_enter_top30,4.417802737694773,0.21666666666666667,0.29410535821776657,0.2987160719441689,0.5928214301619354,0.6749395504392031,0.4690746672053949,105.0,108.0,0,1.0,1.0,0.7714285714285715,True
257,Marquinhos,Brazil,RCB,top35_guardrail,4.089116161571501,0.5333333333333333,0.2692222327655161,0.3263987199061173,0.5956209526716334,0.5807958869886298,0.2884856769736131,31.0,35.0,0,1.0,1.0,0.8,True
