scenario,top_n,minimum_minutes,role_variant,synthetic_coordination,real_coordination,engine_version,simulations,synthetic_champion_probability,real_champion_probability,regulation_draw_probability,mean_total_goals,mean_total_yellows,mean_total_reds,discipline_gate_passed,event_sanity_passed
primary,20,900,cohort_relative,1.0,1.0,complete_final_official_v1,750,0.452,0.548,0.23733333333333334,3.296,3.2,0.14666666666666667,True,True
top10,10,900,cohort_relative,1.0,1.0,complete_final_official_v1,750,0.48133333333333334,0.5186666666666667,0.24533333333333332,3.1893333333333334,3.068,0.148,True,True
top30_or_available,30,900,cohort_relative,1.0,1.0,complete_final_official_v1,750,0.46266666666666667,0.5373333333333333,0.26266666666666666,3.2106666666666666,3.3506666666666667,0.128,True,True
minimum_minutes_450,20,450,cohort_relative,1.0,1.0,complete_final_official_v1,750,0.45066666666666666,0.5493333333333333,0.276,3.1906666666666665,3.172,0.152,True,True
minimum_minutes_180,20,180,cohort_relative,1.0,1.0,complete_final_official_v1,750,0.45866666666666667,0.5413333333333333,0.2786666666666667,3.1253333333333333,3.148,0.148,True,True
provider_grid_role_ontology,20,900,provider_grid,1.0,1.0,complete_final_official_v1,750,0.4706666666666667,0.5293333333333333,0.2613333333333333,3.2386666666666666,3.288,0.14933333333333335,True,True
synthetic_coordination_penalty,20,900,cohort_relative,0.9,1.0,complete_final_official_v1,750,0.3546666666666667,0.6453333333333333,0.23066666666666666,3.1693333333333333,3.1666666666666665,0.15466666666666667,True,True
real_coordination_penalty,20,900,cohort_relative,1.0,0.9,complete_final_official_v1,750,0.588,0.412,0.252,3.1533333333333333,3.0906666666666665,0.136,True,True
equal_moderate_coordination,20,900,cohort_relative,0.95,0.95,complete_final_official_v1,750,0.484,0.516,0.24533333333333332,3.156,3.2226666666666666,0.12666666666666668,True,True
